{"_runtime":2976.943982651,"train/epoch":0.98,"_timestamp":1.7319218574093106e+09,"_wandb":{"runtime":2998},"train/global_step":1960,"train/loss":1.082,"_step":97,"train/grad_norm":1.2221702337265015,"train/learning_rate":4.444444444444445e-06}