{"train/grad_norm":2.3570191860198975,"_wandb":{"runtime":385},"_step":1,"_runtime":120.370202664,"train/learning_rate":4e-05,"train/epoch":0.02,"train/global_step":40,"train/loss":1.0718,"_timestamp":1.7319180218865893e+09}